"chr.exposure","pos.exposure","other_allele.exposure","effect_allele.exposure","beta.exposure","se.exposure","pval.exposure","eaf.exposure","samplesize.exposure","ncase.exposure","SNP","ncontrol.exposure","exposure","mr_keep.exposure","pval_origin.exposure","id.exposure","R2","F"
"1",56965664,"C","T",-0.12575,0.016695,5.00034534976978e-14,0.084903,184305,NA,"rs9970807",NA,"ieu-a-7",TRUE,"reported","LbKK2T",0.00245717535498104,453.980298650562
"1",109817192,"A","G",-0.11453,0.011482,1.97015320721676e-23,0.21418,184305,NA,"rs7528419",NA,"ieu-a-7",TRUE,"reported","LbKK2T",0.00441540463527349,817.381390073327
"1",154395946,"A","G",-0.056012,0.0094061,2.59997995670925e-09,0.552455,184305,NA,"rs6689306",NA,"ieu-a-7",TRUE,"reported","LbKK2T",0.00155140709760212,286.373263823422
"1",222823743,"T","G",0.078807,0.0110551,1.00995029412032e-12,0.663052,184305,NA,"rs67180937",NA,"ieu-a-7",TRUE,"reported","LbKK2T",0.00277504518148971,512.872396155768
"2",19942473,"G","A",0.08516,0.0150265,1.45000667005009e-08,0.104706,184305,NA,"rs16986953",NA,"ieu-a-7",TRUE,"reported","LbKK2T",0.00135968574397754,250.935354897007
"2",21286057,"T","C",0.067499,0.0121924,3.0900108188929e-08,0.791985,184305,NA,"rs515135",NA,"ieu-a-7",TRUE,"reported","LbKK2T",0.00150119214269404,277.090181077591
"2",85788175,"T","A",0.059618,0.0095093,3.62001191513747e-10,0.448518,184305,NA,"rs7568458",NA,"ieu-a-7",TRUE,"reported","LbKK2T",0.00175831232328932,324.633042398187
"2",145286559,"T","G",0.098786,0.0166548,2.99999133271614e-09,0.087681,184305,NA,"rs17678683",NA,"ieu-a-7",TRUE,"reported","LbKK2T",0.0015612520103201,288.193371739014
"2",203893999,"C","A",0.137846,0.0158314,3.12032621659801e-18,0.106962,184305,NA,"rs115654617",NA,"ieu-a-7",TRUE,"reported","LbKK2T",0.00363009329110889,671.474599269199
"3",138087467,"A","C",0.073596,0.0124987,3.89995862874433e-09,0.161866,184305,NA,"rs1199338",NA,"ieu-a-7",TRUE,"reported","LbKK2T",0.00146962831394541,271.255551984592
"4",57838583,"G","T",0.060764,0.0111159,4.58997161700544e-08,0.214637,184305,NA,"rs17087335",NA,"ieu-a-7",TRUE,"reported","LbKK2T",0.00124479470497033,229.705334494229
"4",148281001,"C","G",-0.07083,0.0115558,8.82002873432245e-10,0.204651,184305,NA,"rs4593108",NA,"ieu-a-7",TRUE,"reported","LbKK2T",0.00163318765964403,301.493781158221
"6",12903957,"A","G",0.131836,0.0096527,1.81008929527076e-42,0.431606,184305,NA,"rs9349379",NA,"ieu-a-7",TRUE,"reported","LbKK2T",0.00852776039427485,1585.21011598978
"6",39134099,"T","C",-0.066813,0.0118763,1.84999263739388e-08,0.192738,184305,NA,"rs56336142",NA,"ieu-a-7",TRUE,"reported","LbKK2T",0.00138910091885287,256.371592662275
"6",134173151,"A","G",-0.066813,0.0099612,1.98015870808241e-11,0.300047,184305,NA,"rs12202017",NA,"ieu-a-7",TRUE,"reported","LbKK2T",0.00187503815279218,346.224340521962
"6",160687412,"T","G",0.246627,0.0308579,1.33014810479408e-15,0.027558,184305,NA,"rs10080815",NA,"ieu-a-7",TRUE,"reported","LbKK2T",0.0032600378292385,602.799902527844
"6",161005610,"C","T",0.316641,0.0242403,5.39013943632551e-39,0.056243,184305,NA,"rs55730499",NA,"ieu-a-7",TRUE,"reported","LbKK2T",0.0106437081153837,1982.77137658144
"7",19049388,"G","A",0.073415,0.0112951,8.05007636108061e-11,0.20047,184305,NA,"rs2107595",NA,"ieu-a-7",TRUE,"reported","LbKK2T",0.00172776135669795,318.982727353277
"7",129663496,"C","T",-0.072569,0.0110605,5.33949273574176e-11,0.313325,184305,NA,"rs11556924",NA,"ieu-a-7",TRUE,"reported","LbKK2T",0.00226609732058571,418.597116279513
"7",150690176,"C","T",0.133315,0.0221275,1.69001282361221e-09,0.064515,184305,NA,"rs3918226",NA,"ieu-a-7",TRUE,"reported","LbKK2T",0.00214528778282604,396.233008069551
"9",22098619,"A","G",0.193401,0.0091877,2.28981291210801e-98,0.488668,184305,NA,"rs2891168",NA,"ieu-a-7",TRUE,"reported","LbKK2T",0.018692367002894,3510.68227729208
"9",136141870,"C","T",0.079704,0.0117524,1.18987132916004e-11,0.190872,184305,NA,"rs2519093",NA,"ieu-a-7",TRUE,"reported","LbKK2T",0.00196222897649656,362.355711932999
"10",30323892,"G","A",0.062633,0.0095049,4.40960816450637e-11,0.418221,184305,NA,"rs2487928",NA,"ieu-a-7",TRUE,"reported","LbKK2T",0.00190897526306756,352.502787009705
"10",44480811,"T","G",0.075878,0.0097113,5.55008967183647e-15,0.637485,184305,NA,"rs1870634",NA,"ieu-a-7",TRUE,"reported","LbKK2T",0.00266107857074268,491.753358147044
"10",91002927,"C","T",0.066812,0.0096809,5.14991427647867e-12,0.369131,184305,NA,"rs1412444",NA,"ieu-a-7",TRUE,"reported","LbKK2T",0.00207901990360171,383.967882162866
"10",104604916,"T","G",-0.079249,0.0135252,4.64996838345368e-09,0.12747,184305,NA,"rs11191416",NA,"ieu-a-7",TRUE,"reported","LbKK2T",0.00139703063980892,257.837144399509
"11",9751196,"G","A",0.054714,0.009619,1.28000008945711e-08,0.549821,184305,NA,"rs10840293",NA,"ieu-a-7",TRUE,"reported","LbKK2T",0.00148194976884302,273.533150636433
"11",103673277,"A","C",-0.065565,0.0100568,7.05017666853984e-11,0.676464,184305,NA,"rs2128739",NA,"ieu-a-7",TRUE,"reported","LbKK2T",0.0018816611916972,347.44958501356
"12",90008959,"A","G",0.074114,0.0113331,6.17021077743846e-11,0.201306,184305,NA,"rs2681472",NA,"ieu-a-7",TRUE,"reported","LbKK2T",0.00176631291036095,326.112785541589
"12",112059557,"C","T",0.068556,0.0107672,1.93001195877752e-10,0.365499,184305,NA,"rs11065979",NA,"ieu-a-7",TRUE,"reported","LbKK2T",0.00217991439804783,402.642489463456
"13",111040681,"G","A",0.068566,0.0107552,1.82999540817517e-10,0.263277,184305,NA,"rs11838776",NA,"ieu-a-7",TRUE,"reported","LbKK2T",0.00182374776812604,336.736306997266
"14",100145710,"C","G",0.05538,0.0097569,1.38000290302473e-08,0.423033,184305,NA,"rs10139550",NA,"ieu-a-7",TRUE,"reported","LbKK2T",0.00149713553904788,276.340290122354
"15",67455630,"C","T",-0.069743,0.0118937,4.52001629001885e-09,0.205729,184305,NA,"rs56062135",NA,"ieu-a-7",TRUE,"reported","LbKK2T",0.00158962786182311,293.439643650896
"15",79124475,"T","C",0.077234,0.0095277,4.44017410806894e-16,0.585831,184305,NA,"rs4468572",NA,"ieu-a-7",TRUE,"reported","LbKK2T",0.00289465620131552,535.042586211199
"15",89574218,"G","A",-0.096711,0.0175662,3.68001848354504e-08,0.097718,184305,NA,"rs8042271",NA,"ieu-a-7",TRUE,"reported","LbKK2T",0.0016492960040809,304.472366497539
"17",59013488,"T","C",0.079961,0.0142216,1.88000931025943e-08,0.146516,184305,NA,"rs7212798",NA,"ieu-a-7",TRUE,"reported","LbKK2T",0.00159906775843188,295.185005907991
"18",57838401,"G","A",0.058163,0.0105173,3.20000015974484e-08,0.256835,184305,NA,"rs663129",NA,"ieu-a-7",TRUE,"reported","LbKK2T",0.00129140673852327,238.317901473929
"19",11188247,"G","A",-0.13361,0.0170415,4.44017410806894e-15,0.100378,184305,NA,"rs56289821",NA,"ieu-a-7",TRUE,"reported","LbKK2T",0.00322408534366888,596.130576950264
"19",45422946,"A","G",0.091906,0.0140977,7.06968396449401e-11,0.166036,184305,NA,"rs4420638",NA,"ieu-a-7",TRUE,"reported","LbKK2T",0.00233919965494105,432.132357867011
"21",35593827,"G","A",0.127571,0.015952,1.33014810479408e-15,0.121186,184305,NA,"rs28451064",NA,"ieu-a-7",TRUE,"reported","LbKK2T",0.00346643717209284,641.097092922052
"22",24658858,"G","T",-0.180923,0.0283062,1.63998546891446e-10,0.029268,184305,NA,"rs180803",NA,"ieu-a-7",TRUE,"reported","LbKK2T",0.00185998717303702,343.440009965486
